userId,createdAt,countryCode,platform,amount,eventId,source,network,adUnitFormat,deviceId,advertisingId,packageName,adUnitName,createdDate,countryName
98223348Lfc56424f4ecc8a6a51df078d3b50,2024-01-01 03:27:11.653079+00:00,ca,android,0.0825104,UFOA50316346323353,source 1,network 1,adUnitFormat 1,MUKJ31662517026062,BTFB55314981998668,packageName 1,adUnitName 1,2024-01-01,Canada
06c53348Lb7f6262c4261a5b7340f301f4a92,2024-01-01 04:19:04.281771+00:00,ca,android,0.000115718,ACVH81800365309399,source 1,network 1,adUnitFormat 1,OPDS19296982968073,WYWS55356535259373,packageName 1,adUnitName 1,2024-01-01,Canada
06c53348Lb7f6262c4261a5b7340f301f4a92,2024-01-01 04:41:18.041051+00:00,ca,android,0.000111094,AJIE67942237150314,source 1,network 1,adUnitFormat 1,OPDS19296982968073,WYWS55356535259373,packageName 1,adUnitName 1,2024-01-01,Canada
06c53348Lb7f6262c4261a5b7340f301f4a92,2024-01-01 05:02:39.465687+00:00,ca,android,0.000101411,NMFD23525567785987,source 1,network 1,adUnitFormat 1,OPDS19296982968073,WYWS55356535259373,packageName 1,adUnitName 1,2024-01-01,Canada
e2743348L699571fa4fd9b4f7e8b3c5720df0,2024-01-01 06:05:44.576467+00:00,us,android,0.00494669,VTCG22147540339387,source 1,network 1,adUnitFormat 1,YBSU65690062552565,DNRA06338648505622,packageName 1,adUnitName 1,2024-01-01,United States
06c53348Lb7f6262c4261a5b7340f301f4a92,2024-01-01 06:41:46.783231+00:00,ca,android,0.000154257,MEHX26688076746853,source 1,network 1,adUnitFormat 1,OPDS19296982968073,WYWS55356535259373,packageName 1,adUnitName 1,2024-01-01,Canada
06c53348Lb7f6262c4261a5b7340f301f4a92,2024-01-01 08:00:45.014775+00:00,ca,android,0.000132851,BNHB37216705096339,source 1,network 1,adUnitFormat 1,OPDS19296982968073,WYWS55356535259373,packageName 1,adUnitName 1,2024-01-01,Canada
47123348Ld7f16c70403f8e1affdb1332931e,2024-01-01 09:19:52.900940+00:00,nl,android,0.00330641,GGXB32293442357576,source 1,network 1,adUnitFormat 1,OCNZ40740081001824,PJDF37672139806354,packageName 1,adUnitName 1,2024-01-01,Netherlands
e2d63348Lce62a8024ac89653ae4ce11d721a,2024-01-01 17:46:47.232714+00:00,es,android,0.10851,GEAG87212087745327,source 1,network 1,adUnitFormat 1,DFJH30793295851791,KAEC25875650770807,packageName 1,adUnitName 1,2024-01-01,Spain
ffd13348L9f19f0e94b21bb326af44dc1c4ca,2024-01-01 19:38:38.141253+00:00,us,android,0.0680779,GVNQ45448566313769,source 1,network 1,adUnitFormat 1,GRMH20614238921798,SMZD05078446441762,packageName 1,adUnitName 1,2024-01-01,United States
899f3348Lb6ff9f70416e9ad0929c38167708,2024-01-01 02:49:19.098225+00:00,us,android,0.0854816,RGBB36020901678624,source 1,network 2,adUnitFormat 1,QJYS94185817323199,PUNY73201688947662,packageName 2,adUnitName 2,2024-01-01,United States
2e803348Lb3e5dfad4133943aa10b8349a704,2024-01-01 13:03:24.676989+00:00,de,android,0.000178575,PUFK31153656818899,source 1,network 2,adUnitFormat 2,PXMM53226701652285,TCYX74674601195454,packageName 2,adUnitName 3,2024-01-01,Germany
29e43348L9e635dfb4d79b8fe4488d2decad5,2024-01-01 20:56:33.943846+00:00,us,android,0.0804136,FYTW17213035412997,source 1,network 2,adUnitFormat 3,UQZS41127917686848,HLNY13806194246881,packageName 2,adUnitName 4,2024-01-01,United States
29e43348L9e635dfb4d79b8fe4488d2decad5,2024-01-01 20:59:45.681038+00:00,us,android,0.00100002,KODE76918728645392,source 1,network 2,adUnitFormat 2,UQZS41127917686848,HLNY13806194246881,packageName 2,adUnitName 5,2024-01-01,United States
29e43348L9e635dfb4d79b8fe4488d2decad5,2024-01-01 21:01:21.368953+00:00,us,android,0.0959584,MHLP44907585579991,source 1,network 2,adUnitFormat 3,UQZS41127917686848,HLNY13806194246881,packageName 2,adUnitName 4,2024-01-01,United States
81023348L1d36fd3e4515a59ce3829a0f475a,2024-01-01 21:22:14.624672+00:00,us,android,0.0503344,VWVK79729196127415,source 1,network 2,adUnitFormat 3,CSDB55069187895351,LZHT52229134858785,packageName 2,adUnitName 4,2024-01-01,United States
29e43348L9e635dfb4d79b8fe4488d2decad5,2024-01-01 21:24:12.543126+00:00,us,android,0.00100002,DEWR72672154823793,source 1,network 2,adUnitFormat 2,UQZS41127917686848,HLNY13806194246881,packageName 2,adUnitName 5,2024-01-01,United States
29e43348L9e635dfb4d79b8fe4488d2decad5,2024-01-01 21:24:30.044008+00:00,us,android,0.0861368,MBGE40101719128160,source 1,network 2,adUnitFormat 3,UQZS41127917686848,HLNY13806194246881,packageName 2,adUnitName 4,2024-01-01,United States
29e43348L9e635dfb4d79b8fe4488d2decad5,2024-01-01 21:25:04.365664+00:00,us,android,0.00100002,VBZW41977211397507,source 1,network 2,adUnitFormat 2,UQZS41127917686848,HLNY13806194246881,packageName 2,adUnitName 5,2024-01-01,United States
20a23348L6f3255a64d5084a87e6907ef2005,2024-01-01 02:28:39.033802+00:00,us,android,0.0045,ZKZU42361185325324,source 1,network 3,adUnitFormat 2,GWVQ53818041567948,SUQI74040824240185,packageName 2,adUnitName 5,2024-01-01,United States
d1f23348Lb4d35331402e8a5e050c0a81b715,2024-01-01 04:02:59.814124+00:00,us,ios,0.001,UDEI14486708707552,source 1,network 3,adUnitFormat 2,YRXA02672446259865,MVNH76971032880472,packageName 2,adUnitName 6,2024-01-01,United States
7b783348Lc4ffdec3414c98e9299c4227bc8d,2024-01-01 07:28:42.215510+00:00,us,ios,0.006,TWTM29456593603733,source 1,network 3,adUnitFormat 2,GPQK25514793922045,WGEY10102096538815,packageName 2,adUnitName 6,2024-01-01,United States
78dc3348Ld387ad974a12a53670830f229e0b,2024-01-01 08:19:22.128529+00:00,us,ios,0.001,IJAB91071190856753,source 1,network 3,adUnitFormat 2,KABJ82978017527509,MVNH76971032880472,packageName 2,adUnitName 6,2024-01-01,United States
53523348L828abf9744cb8b4249ff31eea33c,2024-01-01 09:00:13.503502+00:00,us,ios,0.00075,JQTN87001498668748,source 1,network 3,adUnitFormat 2,ACDA57658100519826,MVNH76971032880472,packageName 2,adUnitName 6,2024-01-01,United States
53523348L828abf9744cb8b4249ff31eea33c,2024-01-01 09:06:32.106583+00:00,us,ios,0.0005,EWSN72840819551207,source 1,network 3,adUnitFormat 2,ACDA57658100519826,MVNH76971032880472,packageName 2,adUnitName 6,2024-01-01,United States
53523348L828abf9744cb8b4249ff31eea33c,2024-01-01 09:15:41.471601+00:00,us,ios,0.00025,GCPR21537322195273,source 1,network 3,adUnitFormat 2,ACDA57658100519826,MVNH76971032880472,packageName 2,adUnitName 6,2024-01-01,United States
53523348L828abf9744cb8b4249ff31eea33c,2024-01-01 09:16:30.158610+00:00,us,ios,0.00025,MQXW26377419813586,source 1,network 3,adUnitFormat 2,ACDA57658100519826,MVNH76971032880472,packageName 2,adUnitName 6,2024-01-01,United States
4f893348Ld00660434c769e2b9ccc4ecb21df,2024-01-01 11:23:14.446523+00:00,us,ios,0.001,YTVK20378471798861,source 1,network 3,adUnitFormat 2,GZCO51927861431594,MVNH76971032880472,packageName 2,adUnitName 6,2024-01-01,United States
7b783348Lc4ffdec3414c98e9299c4227bc8d,2024-01-01 07:29:50.367995+00:00,us,ios,0.0022,XWIA11031523182854,source 1,network 4,adUnitFormat 2,GPQK25514793922045,WGEY10102096538815,packageName 2,adUnitName 6,2024-01-01,United States
7b783348Lc4ffdec3414c98e9299c4227bc8d,2024-01-01 07:31:18.217940+00:00,us,ios,0.0009,OJFV10897302051211,source 1,network 4,adUnitFormat 2,GPQK25514793922045,WGEY10102096538815,packageName 2,adUnitName 6,2024-01-01,United States
7b783348Lc4ffdec3414c98e9299c4227bc8d,2024-01-01 07:32:08.441643+00:00,us,ios,0.0009,AEGS64122583253942,source 1,network 4,adUnitFormat 2,GPQK25514793922045,WGEY10102096538815,packageName 2,adUnitName 6,2024-01-01,United States
7b783348Lc4ffdec3414c98e9299c4227bc8d,2024-01-01 07:32:35.823826+00:00,us,ios,0.0009,YEUT75730981937892,source 1,network 4,adUnitFormat 2,GPQK25514793922045,WGEY10102096538815,packageName 2,adUnitName 6,2024-01-01,United States
7b783348Lc4ffdec3414c98e9299c4227bc8d,2024-01-01 07:34:31.641892+00:00,us,ios,0.0009,TRVV58035720076715,source 1,network 4,adUnitFormat 2,GPQK25514793922045,WGEY10102096538815,packageName 2,adUnitName 6,2024-01-01,United States
7b783348Lc4ffdec3414c98e9299c4227bc8d,2024-01-01 07:36:43.110394+00:00,us,ios,0.0006,TXRM37222126480273,source 1,network 4,adUnitFormat 2,GPQK25514793922045,WGEY10102096538815,packageName 2,adUnitName 6,2024-01-01,United States
53523348L828abf9744cb8b4249ff31eea33c,2024-01-01 08:54:38.985543+00:00,us,ios,0.0018,QGWS20862736349433,source 1,network 4,adUnitFormat 2,ACDA57658100519826,MVNH76971032880472,packageName 2,adUnitName 6,2024-01-01,United States
53523348L828abf9744cb8b4249ff31eea33c,2024-01-01 08:56:39.044289+00:00,us,ios,0.0014,GKMC98190682220513,source 1,network 4,adUnitFormat 2,ACDA57658100519826,MVNH76971032880472,packageName 2,adUnitName 6,2024-01-01,United States
53523348L828abf9744cb8b4249ff31eea33c,2024-01-01 08:56:48.026298+00:00,us,ios,0.0014,XGDK69153179433528,source 1,network 4,adUnitFormat 2,ACDA57658100519826,MVNH76971032880472,packageName 2,adUnitName 6,2024-01-01,United States
08603348Lf1ccd58d471db788afc8b4b26af0,2024-01-01 01:16:54.888996+00:00,us,ios,0.0334687,YVHD02161867918500,source 1,network 5,adUnitFormat 3,XGTT77524482245241,WHTG32858174869758,packageName 3,adUnitName 7,2024-01-01,United States
08603348Lf1ccd58d471db788afc8b4b26af0,2024-01-01 01:20:10.546679+00:00,us,ios,0.0334687,IBTA21881429797948,source 1,network 5,adUnitFormat 3,XGTT77524482245241,WHTG32858174869758,packageName 3,adUnitName 7,2024-01-01,United States
08603348Lf1ccd58d471db788afc8b4b26af0,2024-01-01 01:25:34.046271+00:00,us,ios,0.000221191,PBTJ67176203543951,source 1,network 5,adUnitFormat 2,XGTT77524482245241,WHTG32858174869758,packageName 3,adUnitName 8,2024-01-01,United States
08603348Lf1ccd58d471db788afc8b4b26af0,2024-01-01 01:28:09.534343+00:00,us,ios,0.000212524,KKQD12412988477374,source 1,network 5,adUnitFormat 2,XGTT77524482245241,WHTG32858174869758,packageName 3,adUnitName 8,2024-01-01,United States
08603348Lf1ccd58d471db788afc8b4b26af0,2024-01-01 01:54:45.470410+00:00,us,ios,0.000411133,DLEI88647377664341,source 1,network 5,adUnitFormat 2,XGTT77524482245241,WHTG32858174869758,packageName 3,adUnitName 8,2024-01-01,United States
08603348Lf1ccd58d471db788afc8b4b26af0,2024-01-01 04:32:28.254543+00:00,us,ios,0.0214688,CLYK42709690713879,source 1,network 5,adUnitFormat 3,XGTT77524482245241,WHTG32858174869758,packageName 3,adUnitName 7,2024-01-01,United States
62fa3348L028b5744456b813e2b687e70b3c0,2024-01-01 04:43:41.436288+00:00,us,ios,0.000421875,UWRL66398662480463,source 1,network 5,adUnitFormat 2,KRCI02193612986406,QEKI53215084108534,packageName 3,adUnitName 8,2024-01-01,United States
62fa3348L028b5744456b813e2b687e70b3c0,2024-01-01 04:44:40.241375+00:00,us,ios,0.000470947,CSKK21881059013907,source 1,network 5,adUnitFormat 2,KRCI02193612986406,QEKI53215084108534,packageName 3,adUnitName 8,2024-01-01,United States
62fa3348L028b5744456b813e2b687e70b3c0,2024-01-01 04:45:09.786756+00:00,us,ios,0.000411133,NFWI04111654564349,source 1,network 5,adUnitFormat 2,KRCI02193612986406,QEKI53215084108534,packageName 3,adUnitName 8,2024-01-01,United States
20a23348L6f3255a64d5084a87e6907ef2005,2024-01-01 13:33:32.620142+00:00,us,android,0.000675293,IDPW23212085528505,source 1,network 5,adUnitFormat 2,GWVQ53818041567948,SUQI74040824240185,packageName 3,adUnitName 9,2024-01-01,United States
20a23348L6f3255a64d5084a87e6907ef2005,2024-01-01 14:00:37.052279+00:00,us,android,0.000722168,QLCH54363125273557,source 1,network 5,adUnitFormat 2,GWVQ53818041567948,SUQI74040824240185,packageName 3,adUnitName 9,2024-01-01,United States
70053348Lec6ecdce489b8c563667dc01745d,2024-01-01 15:29:02.768193+00:00,us,android,0.00100684,CUGC88125352625022,source 1,network 5,adUnitFormat 2,CYSN11741142365796,EMHW48463635679486,packageName 3,adUnitName 10,2024-01-01,United States
57893348L8954cfdf4b389d80a5d804b00fe0,2024-01-01 20:54:31.609564+00:00,de,android,0.000253906,VIJE54966397157283,source 1,network 5,adUnitFormat 2,YSPB22903207893694,LLPE93394264688921,packageName 3,adUnitName 10,2024-01-01,Germany
899f3348Lb6ff9f70416e9ad0929c38167708,2024-01-01 01:18:23.333482+00:00,us,android,0.00134,LFKZ80688340910168,source 1,network 6,adUnitFormat 2,QJYS94185817323199,PUNY73201688947662,packageName 4,adUnitName 11,2024-01-01,United States
899f3348Lb6ff9f70416e9ad0929c38167708,2024-01-01 01:20:29.898407+00:00,us,android,0.00079,VDKK69081690714949,source 1,network 6,adUnitFormat 2,QJYS94185817323199,PUNY73201688947662,packageName 4,adUnitName 11,2024-01-01,United States
899f3348Lb6ff9f70416e9ad0929c38167708,2024-01-01 01:20:39.660628+00:00,us,android,0.00079,EBHN10527932980775,source 1,network 6,adUnitFormat 2,QJYS94185817323199,PUNY73201688947662,packageName 4,adUnitName 11,2024-01-01,United States
899f3348Lb6ff9f70416e9ad0929c38167708,2024-01-01 01:20:59.647255+00:00,us,android,0.0008,YBOV97127657852267,source 1,network 6,adUnitFormat 2,QJYS94185817323199,PUNY73201688947662,packageName 4,adUnitName 11,2024-01-01,United States
899f3348Lb6ff9f70416e9ad0929c38167708,2024-01-01 01:23:48.938336+00:00,us,android,0.000492312,WNGJ60637680497047,source 1,network 7,adUnitFormat 2,QJYS94185817323199,PUNY73201688947662,packageName 4,adUnitName 11,2024-01-01,United States
899f3348Lb6ff9f70416e9ad0929c38167708,2024-01-01 01:25:07.299672+00:00,us,android,0.0203028,XMXW27149838747399,source 1,network 7,adUnitFormat 3,QJYS94185817323199,PUNY73201688947662,packageName 4,adUnitName 12,2024-01-01,United States
899f3348Lb6ff9f70416e9ad0929c38167708,2024-01-01 01:26:30.960055+00:00,us,android,0.000492312,VJAQ65661396279095,source 1,network 7,adUnitFormat 2,QJYS94185817323199,PUNY73201688947662,packageName 4,adUnitName 11,2024-01-01,United States
899f3348Lb6ff9f70416e9ad0929c38167708,2024-01-01 03:12:58.459546+00:00,us,android,0.0203028,PCYS64554841278075,source 1,network 7,adUnitFormat 3,QJYS94185817323199,PUNY73201688947662,packageName 4,adUnitName 12,2024-01-01,United States
899f3348Lb6ff9f70416e9ad0929c38167708,2024-01-01 03:15:20.796641+00:00,us,android,0.0203028,UHJX53570597948847,source 1,network 7,adUnitFormat 3,QJYS94185817323199,PUNY73201688947662,packageName 4,adUnitName 12,2024-01-01,United States
899f3348Lb6ff9f70416e9ad0929c38167708,2024-01-01 01:38:36.582908+00:00,us,android,0.000309706,XVQJ21851988578982,source 1,network 7,adUnitFormat 2,QJYS94185817323199,PUNY73201688947662,packageName 5,adUnitName 13,2024-01-01,United States
899f3348Lb6ff9f70416e9ad0929c38167708,2024-01-01 01:43:16.333402+00:00,us,android,0.000309706,CZWI69479412336897,source 1,network 7,adUnitFormat 2,QJYS94185817323199,PUNY73201688947662,packageName 5,adUnitName 13,2024-01-01,United States
899f3348Lb6ff9f70416e9ad0929c38167708,2024-01-01 01:44:20.273633+00:00,us,android,0.0191492,VNIV23330447382631,source 1,network 7,adUnitFormat 3,QJYS94185817323199,PUNY73201688947662,packageName 5,adUnitName 14,2024-01-01,United States
899f3348Lb6ff9f70416e9ad0929c38167708,2024-01-01 01:44:54.645353+00:00,us,android,0.000309706,JLXY19092441250544,source 1,network 7,adUnitFormat 2,QJYS94185817323199,PUNY73201688947662,packageName 5,adUnitName 13,2024-01-01,United States
899f3348Lb6ff9f70416e9ad0929c38167708,2024-01-01 01:45:14.617698+00:00,us,android,0.000309706,MOCG75294570799312,source 1,network 7,adUnitFormat 2,QJYS94185817323199,PUNY73201688947662,packageName 5,adUnitName 13,2024-01-01,United States
e2743348L699571fa4fd9b4f7e8b3c5720df0,2024-01-01 01:18:46.803756+00:00,us,android,0.000718,PBIE97890996680769,source 1,network 8,adUnitFormat 2,FPFN52196479306040,DNRA06338648505622,packageName 6,adUnitName 15,2024-01-01,United States
e2743348L699571fa4fd9b4f7e8b3c5720df0,2024-01-01 01:18:57.367861+00:00,us,android,0.000855,XXNF19744635632330,source 1,network 8,adUnitFormat 2,FPFN52196479306040,DNRA06338648505622,packageName 6,adUnitName 15,2024-01-01,United States
e2743348L699571fa4fd9b4f7e8b3c5720df0,2024-01-01 06:38:04.218217+00:00,us,android,0.00032,YCFE33241224322567,source 1,network 8,adUnitFormat 2,FPFN52196479306040,DNRA06338648505622,packageName 6,adUnitName 15,2024-01-01,United States
e2743348L699571fa4fd9b4f7e8b3c5720df0,2024-01-01 15:29:51.522594+00:00,us,android,0.000247,RTWP53951539745249,source 1,network 8,adUnitFormat 2,FPFN52196479306040,DNRA06338648505622,packageName 6,adUnitName 15,2024-01-01,United States
e2743348L699571fa4fd9b4f7e8b3c5720df0,2024-01-01 23:25:34.720679+00:00,us,android,0.000241,VZIU46355171974193,source 1,network 8,adUnitFormat 2,FPFN52196479306040,DNRA06338648505622,packageName 6,adUnitName 15,2024-01-01,United States
98223348Lfc56424f4ecc8a6a51df078d3b50,2024-01-01 03:09:21.363023+00:00,ca,android,0.1,GSFJ54230156274976,source 1,network 9,adUnitFormat 1,MUKJ31662517026062,BTFB55314981998668,packageName 1,adUnitName 1,2024-01-01,Canada
47123348Ld7f16c70403f8e1affdb1332931e,2024-01-01 09:06:11.618966+00:00,nl,android,0.015,ZFAS45155583461209,source 1,network 9,adUnitFormat 1,OCNZ40740081001824,PJDF37672139806354,packageName 1,adUnitName 1,2024-01-01,Netherlands
4b333348Ld2fc847d47de8d61e84cb236e393,2024-01-01 13:54:32.770135+00:00,us,android,0.35,SZZM77965230903263,source 1,network 9,adUnitFormat 1,KJML35066595097050,QXES63205968697394,packageName 1,adUnitName 1,2024-01-01,United States
47123348Ld7f16c70403f8e1affdb1332931e,2024-01-01 14:48:32.799666+00:00,nl,android,0.01,VHHS60915188517622,source 1,network 9,adUnitFormat 1,OCNZ40740081001824,PJDF37672139806354,packageName 1,adUnitName 1,2024-01-01,Netherlands
c4043348L2405df01468cb9f38af7b6f9ef4a,2024-01-01 23:45:54.121382+00:00,us,android,0.05,HQCM11628479581636,source 1,network 9,adUnitFormat 1,OUTV58280224895974,APOL96633497357579,packageName 1,adUnitName 1,2024-01-01,United States
e2d63348Lce62a8024ac89653ae4ce11d721a,2024-01-01 17:11:09.364170+00:00,es,android,0.365,FSBX50895412762884,source 2,network 10,adUnitFormat 4,YCNR63263280188324,MVNH76971032880472,packageName 7,adUnitName 16,2024-01-01,Spain
ffd13348L9f19f0e94b21bb326af44dc1c4ca,2024-01-01 19:56:21.765810+00:00,us,android,0.365,MHVR78167689736755,source 2,network 10,adUnitFormat 4,YCNR63263280188324,MVNH76971032880472,packageName 7,adUnitName 16,2024-01-01,United States
ffd13348L9f19f0e94b21bb326af44dc1c4ca,2024-01-01 21:39:11.415517+00:00,us,android,1.095,FVTA94593952108091,source 2,network 10,adUnitFormat 4,YCNR63263280188324,MVNH76971032880472,packageName 7,adUnitName 16,2024-01-01,United States
25243348L726222ab4b6bb9ee214e1cda0588,2024-01-01 23:15:04.957865+00:00,us,android,0.160591,QHDP85621363002923,source 2,network 10,adUnitFormat 4,YCNR63263280188324,MVNH76971032880472,packageName 7,adUnitName 16,2024-01-01,United States
25243348L726222ab4b6bb9ee214e1cda0588,2024-01-01 23:28:04.054587+00:00,us,android,0.642386,EUBC64466361540463,source 2,network 10,adUnitFormat 4,YCNR63263280188324,MVNH76971032880472,packageName 7,adUnitName 16,2024-01-01,United States
e2743348L699571fa4fd9b4f7e8b3c5720df0,2024-01-01 05:29:15.823771+00:00,us,android,0.0050504,TEYS90539224464689,source 1,network 2,adUnitFormat 1,YBSU65690062552565,DNRA06338648505622,packageName 1,adUnitName 1,2024-01-01,United States
06c53348Lb7f6262c4261a5b7340f301f4a92,2024-01-01 05:32:03.184580+00:00,ca,android,0.000161829,EMDC52921030581602,source 1,network 11,adUnitFormat 1,OPDS19296982968073,WYWS55356535259373,packageName 1,adUnitName 1,2024-01-01,Canada
e2743348L699571fa4fd9b4f7e8b3c5720df0,2024-01-01 05:34:57.524904+00:00,us,android,0.0056432,DYEI05193630300016,source 1,network 2,adUnitFormat 1,YBSU65690062552565,DNRA06338648505622,packageName 1,adUnitName 1,2024-01-01,United States
06c53348Lb7f6262c4261a5b7340f301f4a92,2024-01-01 05:35:34.077806+00:00,ca,android,0.000170819,WLOH13384236049043,source 1,network 11,adUnitFormat 1,OPDS19296982968073,WYWS55356535259373,packageName 1,adUnitName 1,2024-01-01,Canada
06c53348Lb7f6262c4261a5b7340f301f4a92,2024-01-01 05:55:41.266758+00:00,ca,android,0.000212457,UKMM68769159193530,source 1,network 11,adUnitFormat 1,OPDS19296982968073,WYWS55356535259373,packageName 1,adUnitName 1,2024-01-01,Canada
e2743348L699571fa4fd9b4f7e8b3c5720df0,2024-01-01 06:02:15.851377+00:00,us,android,0.0047624,SPVP06171687733473,source 1,network 2,adUnitFormat 1,YBSU65690062552565,DNRA06338648505622,packageName 1,adUnitName 1,2024-01-01,United States
06c53348Lb7f6262c4261a5b7340f301f4a92,2024-01-01 06:06:00.539139+00:00,ca,android,0.000223314,FPDE59152391800692,source 1,network 11,adUnitFormat 1,OPDS19296982968073,WYWS55356535259373,packageName 1,adUnitName 1,2024-01-01,Canada
06c53348Lb7f6262c4261a5b7340f301f4a92,2024-01-01 06:09:20.850970+00:00,ca,android,0.000192,HFQS45643598531594,source 1,network 11,adUnitFormat 1,OPDS19296982968073,WYWS55356535259373,packageName 1,adUnitName 1,2024-01-01,Canada
e2743348L699571fa4fd9b4f7e8b3c5720df0,2024-01-01 06:09:27.898768+00:00,us,android,0.00958051,HJUJ81162856957456,source 1,network 2,adUnitFormat 1,YBSU65690062552565,DNRA06338648505622,packageName 1,adUnitName 1,2024-01-01,United States
06c53348Lb7f6262c4261a5b7340f301f4a92,2024-01-01 06:38:39.752453+00:00,ca,android,0.000170819,BKPD63492100034986,source 1,network 11,adUnitFormat 1,OPDS19296982968073,WYWS55356535259373,packageName 1,adUnitName 1,2024-01-01,Canada
e2743348L699571fa4fd9b4f7e8b3c5720df0,2024-01-01 06:41:07.014082+00:00,us,android,0.00271875,URKO89891058236715,source 1,network 12,adUnitFormat 1,YBSU65690062552565,DNRA06338648505622,packageName 1,adUnitName 1,2024-01-01,United States
e2743348L699571fa4fd9b4f7e8b3c5720df0,2024-01-01 06:44:04.399614+00:00,us,android,0.003612,XSKJ43583345137986,source 1,network 2,adUnitFormat 1,YBSU65690062552565,DNRA06338648505622,packageName 1,adUnitName 1,2024-01-01,United States
06c53348Lb7f6262c4261a5b7340f301f4a92,2024-01-01 06:45:03.783219+00:00,ca,android,0.0001536,ROTU47343057654546,source 1,network 11,adUnitFormat 1,OPDS19296982968073,WYWS55356535259373,packageName 1,adUnitName 1,2024-01-01,Canada
06c53348Lb7f6262c4261a5b7340f301f4a92,2024-01-01 06:47:55.044143+00:00,ca,android,8.91e-05,JIHZ22513500335559,source 1,network 11,adUnitFormat 1,OPDS19296982968073,WYWS55356535259373,packageName 1,adUnitName 1,2024-01-01,Canada
06c53348Lb7f6262c4261a5b7340f301f4a92,2024-01-01 06:51:32.696920+00:00,ca,android,0.000116286,LKHK32685881712736,source 1,network 11,adUnitFormat 1,OPDS19296982968073,WYWS55356535259373,packageName 1,adUnitName 1,2024-01-01,Canada
e2743348L699571fa4fd9b4f7e8b3c5720df0,2024-01-01 06:52:23.257297+00:00,us,android,0.0034104,RWFW56186650947647,source 1,network 2,adUnitFormat 1,YBSU65690062552565,DNRA06338648505622,packageName 1,adUnitName 1,2024-01-01,United States
06c53348Lb7f6262c4261a5b7340f301f4a92,2024-01-01 06:54:13.443573+00:00,ca,android,0.000212667,LJAE03543957929821,source 1,network 11,adUnitFormat 1,OPDS19296982968073,WYWS55356535259373,packageName 1,adUnitName 1,2024-01-01,Canada
e2743348L699571fa4fd9b4f7e8b3c5720df0,2024-01-01 06:55:26.680091+00:00,us,android,0.003804,CCIQ75095009452692,source 1,network 2,adUnitFormat 1,YBSU65690062552565,DNRA06338648505622,packageName 1,adUnitName 1,2024-01-01,United States
e2743348L699571fa4fd9b4f7e8b3c5720df0,2024-01-01 06:58:37.055420+00:00,us,android,0.0038032,OALJ36845453438498,source 1,network 2,adUnitFormat 1,YBSU65690062552565,DNRA06338648505622,packageName 1,adUnitName 1,2024-01-01,United States
06c53348Lb7f6262c4261a5b7340f301f4a92,2024-01-01 06:58:38.065956+00:00,ca,android,0.000237429,WTWA69363884906762,source 1,network 11,adUnitFormat 1,OPDS19296982968073,WYWS55356535259373,packageName 1,adUnitName 1,2024-01-01,Canada
e2743348L699571fa4fd9b4f7e8b3c5720df0,2024-01-01 07:01:31.017212+00:00,us,android,0.0032064,MGQT72195797133850,source 1,network 2,adUnitFormat 1,YBSU65690062552565,DNRA06338648505622,packageName 1,adUnitName 1,2024-01-01,United States
06c53348Lb7f6262c4261a5b7340f301f4a92,2024-01-01 07:01:46.451219+00:00,ca,android,0.000168,BBSB53359626681934,source 1,network 11,adUnitFormat 1,OPDS19296982968073,WYWS55356535259373,packageName 1,adUnitName 1,2024-01-01,Canada
e2743348L699571fa4fd9b4f7e8b3c5720df0,2024-01-01 07:04:11.317980+00:00,us,android,0.003432,TAHM11443537289765,source 1,network 2,adUnitFormat 1,YBSU65690062552565,DNRA06338648505622,packageName 1,adUnitName 1,2024-01-01,United States
06c53348Lb7f6262c4261a5b7340f301f4a92,2024-01-01 07:04:54.964535+00:00,ca,android,0.000192343,WIJQ73898012316332,source 1,network 11,adUnitFormat 1,OPDS19296982968073,WYWS55356535259373,packageName 1,adUnitName 1,2024-01-01,Canada
e2743348L699571fa4fd9b4f7e8b3c5720df0,2024-01-01 07:06:53.849965+00:00,us,android,0.0032096,TGET63836307931956,source 1,network 2,adUnitFormat 1,YBSU65690062552565,DNRA06338648505622,packageName 1,adUnitName 1,2024-01-01,United States
06c53348Lb7f6262c4261a5b7340f301f4a92,2024-01-01 07:10:37.325990+00:00,ca,android,0.000333429,RLAU62990166001241,source 1,network 11,adUnitFormat 1,OPDS19296982968073,WYWS55356535259373,packageName 1,adUnitName 1,2024-01-01,Canada
e2743348L699571fa4fd9b4f7e8b3c5720df0,2024-01-01 07:10:42.197851+00:00,us,android,0.0036088,LXDC62332797632035,source 1,network 2,adUnitFormat 1,YBSU65690062552565,DNRA06338648505622,packageName 1,adUnitName 1,2024-01-01,United States
e2743348L699571fa4fd9b4f7e8b3c5720df0,2024-01-01 07:13:21.706880+00:00,us,android,0.0033904,PDAX70025215504694,source 1,network 2,adUnitFormat 1,YBSU65690062552565,DNRA06338648505622,packageName 1,adUnitName 1,2024-01-01,United States
06c53348Lb7f6262c4261a5b7340f301f4a92,2024-01-01 07:14:00.331726+00:00,ca,android,0.000125631,KJFM10708573642733,source 1,network 1,adUnitFormat 1,OPDS19296982968073,WYWS55356535259373,packageName 1,adUnitName 1,2024-01-01,Canada
e2743348L699571fa4fd9b4f7e8b3c5720df0,2024-01-01 07:16:01.971188+00:00,us,android,0.0033944,HJQW13354470945707,source 1,network 2,adUnitFormat 1,YBSU65690062552565,DNRA06338648505622,packageName 1,adUnitName 1,2024-01-01,United States
06c53348Lb7f6262c4261a5b7340f301f4a92,2024-01-01 07:26:20.774620+00:00,ca,android,0.00018,QBIA62238761405965,source 1,network 11,adUnitFormat 1,OPDS19296982968073,WYWS55356535259373,packageName 1,adUnitName 1,2024-01-01,Canada
06c53348Lb7f6262c4261a5b7340f301f4a92,2024-01-01 07:29:31.268758+00:00,ca,android,0.000174933,BUBU83470563315586,source 1,network 11,adUnitFormat 1,OPDS19296982968073,WYWS55356535259373,packageName 1,adUnitName 1,2024-01-01,Canada
06c53348Lb7f6262c4261a5b7340f301f4a92,2024-01-01 07:32:14.781942+00:00,ca,android,0.000195962,IBAX78185370031027,source 1,network 11,adUnitFormat 1,OPDS19296982968073,WYWS55356535259373,packageName 1,adUnitName 1,2024-01-01,Canada
06c53348Lb7f6262c4261a5b7340f301f4a92,2024-01-01 07:35:36.219471+00:00,ca,android,0.000194,SBIA81398749511898,source 1,network 11,adUnitFormat 1,OPDS19296982968073,WYWS55356535259373,packageName 1,adUnitName 1,2024-01-01,Canada
06c53348Lb7f6262c4261a5b7340f301f4a92,2024-01-01 07:38:51.221021+00:00,ca,android,0.000139581,JXVS63456218226984,source 1,network 11,adUnitFormat 1,OPDS19296982968073,WYWS55356535259373,packageName 1,adUnitName 1,2024-01-01,Canada
06c53348Lb7f6262c4261a5b7340f301f4a92,2024-01-01 07:41:50.261926+00:00,ca,android,0.000139581,VFUP67982350759657,source 1,network 11,adUnitFormat 1,OPDS19296982968073,WYWS55356535259373,packageName 1,adUnitName 1,2024-01-01,Canada
29e43348L9e635dfb4d79b8fe4488d2decad5,2024-01-01 08:15:07.944721+00:00,us,android,0.145399,IPTD66652972943882,source 1,network 1,adUnitFormat 1,DNAD79611404131476,HLNY13806194246881,packageName 1,adUnitName 1,2024-01-01,United States
06c53348Lb7f6262c4261a5b7340f301f4a92,2024-01-01 08:16:01.168631+00:00,ca,android,0.000154819,VWFX26914907846427,source 1,network 11,adUnitFormat 1,OPDS19296982968073,WYWS55356535259373,packageName 1,adUnitName 1,2024-01-01,Canada
06c53348Lb7f6262c4261a5b7340f301f4a92,2024-01-01 08:20:47.756082+00:00,ca,android,0.000223714,QQYH43552889133201,source 1,network 11,adUnitFormat 1,OPDS19296982968073,WYWS55356535259373,packageName 1,adUnitName 1,2024-01-01,Canada
06c53348Lb7f6262c4261a5b7340f301f4a92,2024-01-01 08:26:19.480939+00:00,ca,android,0.0002204,MRMJ47852730259644,source 1,network 11,adUnitFormat 1,OPDS19296982968073,WYWS55356535259373,packageName 1,adUnitName 1,2024-01-01,Canada
06c53348Lb7f6262c4261a5b7340f301f4a92,2024-01-01 08:29:26.073329+00:00,ca,android,0.000295467,AEEV95003138967338,source 1,network 11,adUnitFormat 1,OPDS19296982968073,WYWS55356535259373,packageName 1,adUnitName 1,2024-01-01,Canada
06c53348Lb7f6262c4261a5b7340f301f4a92,2024-01-01 08:31:59.813247+00:00,ca,android,0.000196,QFHH54250361265052,source 1,network 11,adUnitFormat 1,OPDS19296982968073,WYWS55356535259373,packageName 1,adUnitName 1,2024-01-01,Canada
06c53348Lb7f6262c4261a5b7340f301f4a92,2024-01-01 08:52:36.535375+00:00,ca,android,0.000156076,CPLQ46136710035893,source 1,network 11,adUnitFormat 1,OPDS19296982968073,WYWS55356535259373,packageName 1,adUnitName 1,2024-01-01,Canada
06c53348Lb7f6262c4261a5b7340f301f4a92,2024-01-01 08:55:20.734547+00:00,ca,android,0.000174857,EEJK49053996885426,source 1,network 11,adUnitFormat 1,OPDS19296982968073,WYWS55356535259373,packageName 1,adUnitName 1,2024-01-01,Canada
06c53348Lb7f6262c4261a5b7340f301f4a92,2024-01-01 08:58:36.215127+00:00,ca,android,0.000171619,LHVT76073551397013,source 1,network 11,adUnitFormat 1,OPDS19296982968073,WYWS55356535259373,packageName 1,adUnitName 1,2024-01-01,Canada
06c53348Lb7f6262c4261a5b7340f301f4a92,2024-01-01 09:01:38.425901+00:00,ca,android,0.000188914,ICFE02825335814232,source 1,network 11,adUnitFormat 1,OPDS19296982968073,WYWS55356535259373,packageName 1,adUnitName 1,2024-01-01,Canada
05f53348Lab4a71704c5c9a7799ebc09dcf4a,2024-01-01 14:27:43.914488+00:00,de,android,0.0264434,HXJR70499520564369,source 1,network 1,adUnitFormat 1,TTCE01213474647282,QJGE25787236863773,packageName 1,adUnitName 1,2024-01-01,Germany
05f53348Lab4a71704c5c9a7799ebc09dcf4a,2024-01-01 14:31:38.235665+00:00,de,android,0.0261535,QOUW24682420424542,source 1,network 1,adUnitFormat 1,TTCE01213474647282,QJGE25787236863773,packageName 1,adUnitName 1,2024-01-01,Germany
9ca03348Lcd02534e493d8f2af2abb69bcdaf,2024-01-01 14:37:24.647229+00:00,us,android,0.704762,AXLA23733018921053,source 1,network 11,adUnitFormat 1,YCNR63263280188324,GIFB86645482078518,packageName 1,adUnitName 1,2024-01-01,United States
e2743348L699571fa4fd9b4f7e8b3c5720df0,2024-01-01 14:54:44.865467+00:00,us,android,0.014811,WHNO87672899532917,source 1,network 12,adUnitFormat 1,YBSU65690062552565,DNRA06338648505622,packageName 1,adUnitName 1,2024-01-01,United States
20a23348L6f3255a64d5084a87e6907ef2005,2024-01-01 13:34:40.292996+00:00,us,android,0.000678578,VMMC12148816412142,source 1,network 13,adUnitFormat 2,GWVQ53818041567948,SUQI74040824240185,packageName 3,adUnitName 9,2024-01-01,United States
20a23348L6f3255a64d5084a87e6907ef2005,2024-01-01 13:34:49.702352+00:00,us,android,0.000668,BDCX30625102140790,source 1,network 8,adUnitFormat 2,GWVQ53818041567948,SUQI74040824240185,packageName 3,adUnitName 9,2024-01-01,United States
43623348La15dd74d4a689e17e0ef205feaaa,2024-01-01 13:34:50.165791+00:00,us,ios,0.0014,GCGG01881870772619,source 1,network 4,adUnitFormat 2,TMKS15326947242941,ZVLL53494441537956,packageName 3,adUnitName 8,2024-01-01,United States
43623348La15dd74d4a689e17e0ef205feaaa,2024-01-01 13:34:59.130371+00:00,us,ios,0.00173,NVMI21145342935815,source 1,network 6,adUnitFormat 2,TMKS15326947242941,ZVLL53494441537956,packageName 3,adUnitName 8,2024-01-01,United States
43623348La15dd74d4a689e17e0ef205feaaa,2024-01-01 13:35:29.170656+00:00,us,ios,0.00146723,BZIV12324519720088,source 1,network 14,adUnitFormat 2,TMKS15326947242941,ZVLL53494441537956,packageName 3,adUnitName 8,2024-01-01,United States
20a23348L6f3255a64d5084a87e6907ef2005,2024-01-01 13:35:30.063157+00:00,us,android,0.000569951,MOWM33224059637824,source 1,network 14,adUnitFormat 2,GWVQ53818041567948,SUQI74040824240185,packageName 3,adUnitName 9,2024-01-01,United States
43623348La15dd74d4a689e17e0ef205feaaa,2024-01-01 13:35:39.513855+00:00,us,ios,0.00166425,ISFM19856766769197,source 1,network 12,adUnitFormat 2,TMKS15326947242941,ZVLL53494441537956,packageName 3,adUnitName 8,2024-01-01,United States
20a23348L6f3255a64d5084a87e6907ef2005,2024-01-01 13:35:40.004196+00:00,us,android,0.000647613,ZXUD55124076213143,source 1,network 1,adUnitFormat 2,GWVQ53818041567948,SUQI74040824240185,packageName 3,adUnitName 9,2024-01-01,United States
43623348La15dd74d4a689e17e0ef205feaaa,2024-01-01 13:35:48.941717+00:00,us,ios,0.166305,LFOY46330106666358,source 1,network 1,adUnitFormat 3,TMKS15326947242941,ZVLL53494441537956,packageName 3,adUnitName 7,2024-01-01,United States
20a23348L6f3255a64d5084a87e6907ef2005,2024-01-01 13:35:49.737050+00:00,us,android,0.000643825,MFCW39184316899944,source 1,network 1,adUnitFormat 2,GWVQ53818041567948,SUQI74040824240185,packageName 3,adUnitName 9,2024-01-01,United States
43623348La15dd74d4a689e17e0ef205feaaa,2024-01-01 13:38:34.482499+00:00,us,ios,0.22,PANF66050516614459,source 1,network 9,adUnitFormat 3,TMKS15326947242941,ZVLL53494441537956,packageName 3,adUnitName 7,2024-01-01,United States
43623348La15dd74d4a689e17e0ef205feaaa,2024-01-01 13:39:08.506902+00:00,us,ios,0.0009,NCIR90660411440803,source 1,network 4,adUnitFormat 2,TMKS15326947242941,ZVLL53494441537956,packageName 3,adUnitName 8,2024-01-01,United States
43623348La15dd74d4a689e17e0ef205feaaa,2024-01-01 13:39:18.516568+00:00,us,ios,0.0014,QSEE43528922579960,source 1,network 4,adUnitFormat 2,TMKS15326947242941,ZVLL53494441537956,packageName 3,adUnitName 8,2024-01-01,United States
43623348La15dd74d4a689e17e0ef205feaaa,2024-01-01 13:39:27.539546+00:00,us,ios,0.001,GPII11785714338522,source 1,network 3,adUnitFormat 2,TMKS15326947242941,ZVLL53494441537956,packageName 3,adUnitName 8,2024-01-01,United States
43623348La15dd74d4a689e17e0ef205feaaa,2024-01-01 13:39:31.798102+00:00,us,ios,0.161219,POIK65671368954695,source 1,network 11,adUnitFormat 3,TMKS15326947242941,ZVLL53494441537956,packageName 3,adUnitName 7,2024-01-01,United States
43623348La15dd74d4a689e17e0ef205feaaa,2024-01-01 13:40:14.855926+00:00,us,ios,0.00072,IHXN96122970131087,source 1,network 6,adUnitFormat 2,TMKS15326947242941,ZVLL53494441537956,packageName 3,adUnitName 8,2024-01-01,United States
43623348La15dd74d4a689e17e0ef205feaaa,2024-01-01 13:40:35.759552+00:00,us,ios,0.0009,EEBW57619874095385,source 1,network 4,adUnitFormat 2,TMKS15326947242941,ZVLL53494441537956,packageName 3,adUnitName 8,2024-01-01,United States
43623348La15dd74d4a689e17e0ef205feaaa,2024-01-01 13:40:45.029548+00:00,us,ios,0.000703125,OJOS53745591251421,source 1,network 5,adUnitFormat 2,TMKS15326947242941,ZVLL53494441537956,packageName 3,adUnitName 8,2024-01-01,United States
43623348La15dd74d4a689e17e0ef205feaaa,2024-01-01 13:40:56.479145+00:00,us,ios,0.0009,OVIS60490884081832,source 1,network 4,adUnitFormat 2,TMKS15326947242941,ZVLL53494441537956,packageName 3,adUnitName 8,2024-01-01,United States
43623348La15dd74d4a689e17e0ef205feaaa,2024-01-01 13:41:05.610007+00:00,us,ios,0.000703125,UNVU29729562966511,source 1,network 5,adUnitFormat 2,TMKS15326947242941,ZVLL53494441537956,packageName 3,adUnitName 8,2024-01-01,United States
43623348La15dd74d4a689e17e0ef205feaaa,2024-01-01 13:41:15.536433+00:00,us,ios,0.00068145,NSJE77651879164268,source 1,network 15,adUnitFormat 2,TMKS15326947242941,ZVLL53494441537956,packageName 3,adUnitName 8,2024-01-01,United States
43623348La15dd74d4a689e17e0ef205feaaa,2024-01-01 13:41:25.878725+00:00,us,ios,0.00065925,SMTU35786419482058,source 1,network 12,adUnitFormat 2,TMKS15326947242941,ZVLL53494441537956,packageName 3,adUnitName 8,2024-01-01,United States
43623348La15dd74d4a689e17e0ef205feaaa,2024-01-01 13:41:35.366641+00:00,us,ios,0.00073,KNXR65006857668627,source 1,network 6,adUnitFormat 2,TMKS15326947242941,ZVLL53494441537956,packageName 3,adUnitName 8,2024-01-01,United States
43623348La15dd74d4a689e17e0ef205feaaa,2024-01-01 13:41:45.610441+00:00,us,ios,0.00065625,HHTP05344210894474,source 1,network 5,adUnitFormat 2,TMKS15326947242941,ZVLL53494441537956,packageName 3,adUnitName 8,2024-01-01,United States
43623348La15dd74d4a689e17e0ef205feaaa,2024-01-01 13:41:55.379067+00:00,us,ios,0.00149,OAMW55453721537366,source 1,network 6,adUnitFormat 2,TMKS15326947242941,ZVLL53494441537956,packageName 3,adUnitName 8,2024-01-01,United States
43623348La15dd74d4a689e17e0ef205feaaa,2024-01-01 13:42:05.885867+00:00,us,ios,0.000722,QDHT29444385754573,source 1,network 8,adUnitFormat 2,TMKS15326947242941,ZVLL53494441537956,packageName 3,adUnitName 8,2024-01-01,United States
43623348La15dd74d4a689e17e0ef205feaaa,2024-01-01 13:42:15.794642+00:00,us,ios,0.000628418,DWRO46172512861839,source 1,network 5,adUnitFormat 2,TMKS15326947242941,ZVLL53494441537956,packageName 3,adUnitName 8,2024-01-01,United States
43623348La15dd74d4a689e17e0ef205feaaa,2024-01-01 13:42:32.196193+00:00,us,ios,0.162519,SWXP91733310588543,source 1,network 1,adUnitFormat 3,TMKS15326947242941,ZVLL53494441537956,packageName 3,adUnitName 7,2024-01-01,United States
43623348La15dd74d4a689e17e0ef205feaaa,2024-01-01 13:42:53.259820+00:00,us,ios,0.000605469,YHZC50680272912860,source 1,network 5,adUnitFormat 2,TMKS15326947242941,ZVLL53494441537956,packageName 3,adUnitName 8,2024-01-01,United States
43623348La15dd74d4a689e17e0ef205feaaa,2024-01-01 13:43:03.528897+00:00,us,ios,0.000605,YHEA55102549734799,source 1,network 8,adUnitFormat 2,TMKS15326947242941,ZVLL53494441537956,packageName 3,adUnitName 8,2024-01-01,United States
43623348La15dd74d4a689e17e0ef205feaaa,2024-01-01 13:43:15.799094+00:00,us,ios,0.0006,HOPX63746176389845,source 1,network 4,adUnitFormat 2,TMKS15326947242941,ZVLL53494441537956,packageName 3,adUnitName 8,2024-01-01,United States
43623348La15dd74d4a689e17e0ef205feaaa,2024-01-01 13:43:26.458347+00:00,us,ios,0.0006,DLTX05683378045448,source 1,network 4,adUnitFormat 2,TMKS15326947242941,ZVLL53494441537956,packageName 3,adUnitName 8,2024-01-01,United States
43623348La15dd74d4a689e17e0ef205feaaa,2024-01-01 13:44:26.287129+00:00,us,ios,0.0006,XCDJ27915740254966,source 1,network 4,adUnitFormat 2,TMKS15326947242941,ZVLL53494441537956,packageName 3,adUnitName 8,2024-01-01,United States
43623348La15dd74d4a689e17e0ef205feaaa,2024-01-01 13:44:36.469888+00:00,us,ios,0.0006,NIPC63531753935142,source 1,network 4,adUnitFormat 2,TMKS15326947242941,ZVLL53494441537956,packageName 3,adUnitName 8,2024-01-01,United States
43623348La15dd74d4a689e17e0ef205feaaa,2024-01-01 13:44:46.884220+00:00,us,ios,0.0006,JMKL24438787018821,source 1,network 4,adUnitFormat 2,TMKS15326947242941,ZVLL53494441537956,packageName 3,adUnitName 8,2024-01-01,United States
43623348La15dd74d4a689e17e0ef205feaaa,2024-01-01 13:44:58.025860+00:00,us,ios,0.0006,MUID08697959337204,source 1,network 4,adUnitFormat 2,TMKS15326947242941,ZVLL53494441537956,packageName 3,adUnitName 8,2024-01-01,United States
43623348La15dd74d4a689e17e0ef205feaaa,2024-01-01 13:45:08.217601+00:00,us,ios,0.0006,JAWM56502296322322,source 1,network 4,adUnitFormat 2,TMKS15326947242941,ZVLL53494441537956,packageName 3,adUnitName 8,2024-01-01,United States
43623348La15dd74d4a689e17e0ef205feaaa,2024-01-01 13:45:09.698338+00:00,us,ios,0.115577,JWML97616377630592,source 1,network 11,adUnitFormat 3,TMKS15326947242941,ZVLL53494441537956,packageName 3,adUnitName 7,2024-01-01,United States
43623348La15dd74d4a689e17e0ef205feaaa,2024-01-01 13:54:06.473278+00:00,us,ios,0.000573959,OUEY22520536303757,source 1,network 13,adUnitFormat 2,TMKS15326947242941,ZVLL53494441537956,packageName 3,adUnitName 8,2024-01-01,United States
43623348La15dd74d4a689e17e0ef205feaaa,2024-01-01 13:54:18.281508+00:00,us,ios,0.000591424,APBP95643700744164,source 1,network 16,adUnitFormat 2,TMKS15326947242941,ZVLL53494441537956,packageName 3,adUnitName 8,2024-01-01,United States
43623348La15dd74d4a689e17e0ef205feaaa,2024-01-01 13:54:30.463127+00:00,us,ios,0.000591424,ZEGG67554986740016,source 1,network 16,adUnitFormat 2,TMKS15326947242941,ZVLL53494441537956,packageName 3,adUnitName 8,2024-01-01,United States
43623348La15dd74d4a689e17e0ef205feaaa,2024-01-01 13:54:39.605335+00:00,us,ios,0.000568,YFFY25085031964022,source 1,network 8,adUnitFormat 2,TMKS15326947242941,ZVLL53494441537956,packageName 3,adUnitName 8,2024-01-01,United States
43623348La15dd74d4a689e17e0ef205feaaa,2024-01-01 13:54:50.778766+00:00,us,ios,0.000591424,PRRN84380666028147,source 1,network 16,adUnitFormat 2,TMKS15326947242941,ZVLL53494441537956,packageName 3,adUnitName 8,2024-01-01,United States
43623348La15dd74d4a689e17e0ef205feaaa,2024-01-01 13:54:56.424369+00:00,us,ios,0.11,EMJB12478080527065,source 1,network 9,adUnitFormat 3,TMKS15326947242941,ZVLL53494441537956,packageName 3,adUnitName 7,2024-01-01,United States
43623348La15dd74d4a689e17e0ef205feaaa,2024-01-01 13:56:44.877411+00:00,us,ios,0.000510504,ZTXF71977380328851,source 1,network 13,adUnitFormat 2,TMKS15326947242941,ZVLL53494441537956,packageName 3,adUnitName 8,2024-01-01,United States
43623348La15dd74d4a689e17e0ef205feaaa,2024-01-01 13:56:55.224790+00:00,us,ios,0.000558608,RCXQ05607763829231,source 1,network 14,adUnitFormat 2,TMKS15326947242941,ZVLL53494441537956,packageName 3,adUnitName 8,2024-01-01,United States
43623348La15dd74d4a689e17e0ef205feaaa,2024-01-01 13:56:59.163414+00:00,us,ios,0.0863624,BLTC47141005658782,source 1,network 1,adUnitFormat 3,TMKS15326947242941,ZVLL53494441537956,packageName 3,adUnitName 7,2024-01-01,United States
20a23348L6f3255a64d5084a87e6907ef2005,2024-01-01 13:59:06.026349+00:00,us,android,0.000709073,VIPA51241180510247,source 1,network 1,adUnitFormat 2,GWVQ53818041567948,SUQI74040824240185,packageName 3,adUnitName 9,2024-01-01,United States
20a23348L6f3255a64d5084a87e6907ef2005,2024-01-01 13:59:07.363245+00:00,us,android,0.095,SYKH35028624694617,source 1,network 3,adUnitFormat 3,GWVQ53818041567948,SUQI74040824240185,packageName 3,adUnitName 17,2024-01-01,United States
28893348Ldd59e8b04095a950da7261c76558,2024-01-01 21:16:46.422220+00:00,us,ios,0.000111,LGVM54139387532893,source 1,network 12,adUnitFormat 2,BUUG42936796274954,MVNH76971032880472,packageName 3,adUnitName 8,2024-01-01,United States
4f893348Ld00660434c769e2b9ccc4ecb21df,2024-01-01 21:17:01.002377+00:00,us,ios,0.000307,KEGY36404722761477,source 1,network 8,adUnitFormat 2,GZCO51927861431594,GJID88678989481239,packageName 3,adUnitName 8,2024-01-01,United States
4f893348Ld00660434c769e2b9ccc4ecb21df,2024-01-01 21:17:15.074989+00:00,us,ios,0.000205354,GXRY93854891307476,source 1,network 1,adUnitFormat 2,GZCO51927861431594,GJID88678989481239,packageName 3,adUnitName 8,2024-01-01,United States
4f893348Ld00660434c769e2b9ccc4ecb21df,2024-01-01 21:17:29.022805+00:00,us,ios,0.0002,GHTZ53424153921473,source 1,network 4,adUnitFormat 2,GZCO51927861431594,GJID88678989481239,packageName 3,adUnitName 8,2024-01-01,United States
4f893348Ld00660434c769e2b9ccc4ecb21df,2024-01-01 21:17:32.685466+00:00,us,ios,0.0168135,VXFX92649370714634,source 1,network 1,adUnitFormat 3,GZCO51927861431594,GJID88678989481239,packageName 3,adUnitName 7,2024-01-01,United States
affd3348L5492477a48ecad7101d29d21ee0c,2024-01-01 21:17:46.515719+00:00,us,ios,0.000974121,EAWX71846815244405,source 1,network 5,adUnitFormat 2,OBHY96314001181339,MVNH76971032880472,packageName 3,adUnitName 8,2024-01-01,United States
affd3348L5492477a48ecad7101d29d21ee0c,2024-01-01 21:17:57.807344+00:00,us,ios,0.11,WTTA78508255448618,source 1,network 9,adUnitFormat 3,OBHY96314001181339,MVNH76971032880472,packageName 3,adUnitName 7,2024-01-01,United States
affd3348L5492477a48ecad7101d29d21ee0c,2024-01-01 21:18:25.103243+00:00,us,ios,0.000791584,ANKA51830628766087,source 1,network 14,adUnitFormat 2,OBHY96314001181339,MVNH76971032880472,packageName 3,adUnitName 8,2024-01-01,United States
a5e23348L2fdde43748d1a4dfd1f6c62fcc57,2024-01-01 21:18:48.588305+00:00,us,ios,0.0118361,LXQV76398568414482,source 1,network 11,adUnitFormat 3,CIGH99074470471404,MVNH76971032880472,packageName 3,adUnitName 7,2024-01-01,United States
affd3348L5492477a48ecad7101d29d21ee0c,2024-01-01 21:18:50.028141+00:00,us,ios,0.000905493,GDPQ33574808496506,source 1,network 12,adUnitFormat 2,OBHY96314001181339,MVNH76971032880472,packageName 3,adUnitName 8,2024-01-01,United States
affd3348L5492477a48ecad7101d29d21ee0c,2024-01-01 21:19:07.344580+00:00,us,ios,0.000718875,GDXN73300960858665,source 1,network 14,adUnitFormat 2,OBHY96314001181339,MVNH76971032880472,packageName 3,adUnitName 8,2024-01-01,United States
affd3348L5492477a48ecad7101d29d21ee0c,2024-01-01 21:19:21.120640+00:00,us,ios,0.0007596,ASVO67835307375585,source 1,network 1,adUnitFormat 2,OBHY96314001181339,MVNH76971032880472,packageName 3,adUnitName 8,2024-01-01,United States
affd3348L5492477a48ecad7101d29d21ee0c,2024-01-01 21:19:35.507329+00:00,us,ios,0.000641413,AXPJ69903899941821,source 1,network 14,adUnitFormat 2,OBHY96314001181339,MVNH76971032880472,packageName 3,adUnitName 8,2024-01-01,United States
4f893348Ld00660434c769e2b9ccc4ecb21df,2024-01-01 21:19:39.075387+00:00,us,ios,0.0002,BYLF60968678654464,source 1,network 4,adUnitFormat 2,GZCO51927861431594,GJID88678989481239,packageName 3,adUnitName 8,2024-01-01,United States
a5e23348L2fdde43748d1a4dfd1f6c62fcc57,2024-01-01 21:19:44.928552+00:00,us,ios,0.000221737,UGGS97740545800683,source 1,network 13,adUnitFormat 2,CIGH99074470471404,MVNH76971032880472,packageName 3,adUnitName 8,2024-01-01,United States
affd3348L5492477a48ecad7101d29d21ee0c,2024-01-01 21:19:53.022613+00:00,us,ios,0.000699212,XJMQ04805150353147,source 1,network 14,adUnitFormat 2,OBHY96314001181339,MVNH76971032880472,packageName 3,adUnitName 8,2024-01-01,United States
a5e23348L2fdde43748d1a4dfd1f6c62fcc57,2024-01-01 21:20:05.691041+00:00,us,ios,0.000219704,IUCO28598848149915,source 1,network 13,adUnitFormat 2,CIGH99074470471404,MVNH76971032880472,packageName 3,adUnitName 8,2024-01-01,United States
affd3348L5492477a48ecad7101d29d21ee0c,2024-01-01 21:20:08.064622+00:00,us,ios,0.000643477,BMFD84747302080587,source 1,network 14,adUnitFormat 2,OBHY96314001181339,MVNH76971032880472,packageName 3,adUnitName 8,2024-01-01,United States
899f3348Lb6ff9f70416e9ad0929c38167708,2024-01-01 04:09:52.449039+00:00,us,android,6.22e-05,ITCR18495373975293,source 1,network 1,adUnitFormat 2,QJYS94185817323199,PUNY73201688947662,packageName 4,adUnitName 11,2024-01-01,United States
899f3348Lb6ff9f70416e9ad0929c38167708,2024-01-01 04:10:02.498797+00:00,us,android,5.64e-05,DLBQ78314423727011,source 1,network 1,adUnitFormat 2,QJYS94185817323199,PUNY73201688947662,packageName 4,adUnitName 11,2024-01-01,United States
899f3348Lb6ff9f70416e9ad0929c38167708,2024-01-01 04:10:13.443415+00:00,us,android,0.000132153,GAJI77904689487690,source 1,network 2,adUnitFormat 2,QJYS94185817323199,PUNY73201688947662,packageName 4,adUnitName 11,2024-01-01,United States
899f3348Lb6ff9f70416e9ad0929c38167708,2024-01-01 04:10:22.447415+00:00,us,android,6.7e-05,YMIN40788801331988,source 1,network 1,adUnitFormat 2,QJYS94185817323199,PUNY73201688947662,packageName 4,adUnitName 11,2024-01-01,United States
899f3348Lb6ff9f70416e9ad0929c38167708,2024-01-01 04:11:24.270135+00:00,us,android,5.48e-05,WDBO84481591158212,source 1,network 17,adUnitFormat 2,QJYS94185817323199,PUNY73201688947662,packageName 4,adUnitName 11,2024-01-01,United States
899f3348Lb6ff9f70416e9ad0929c38167708,2024-01-01 04:11:32.825678+00:00,us,android,8.91e-05,FJKC83093733622185,source 1,network 1,adUnitFormat 2,QJYS94185817323199,PUNY73201688947662,packageName 4,adUnitName 11,2024-01-01,United States
899f3348Lb6ff9f70416e9ad0929c38167708,2024-01-01 04:11:44.649973+00:00,us,android,5.4e-05,HLWX37437483708479,source 1,network 17,adUnitFormat 2,QJYS94185817323199,PUNY73201688947662,packageName 4,adUnitName 11,2024-01-01,United States
899f3348Lb6ff9f70416e9ad0929c38167708,2024-01-01 04:11:52.476270+00:00,us,android,6.06e-05,VCZR23543144462293,source 1,network 1,adUnitFormat 2,QJYS94185817323199,PUNY73201688947662,packageName 4,adUnitName 11,2024-01-01,United States
899f3348Lb6ff9f70416e9ad0929c38167708,2024-01-01 04:12:02.688680+00:00,us,android,0.00119,RYIG64407636481923,source 1,network 6,adUnitFormat 2,QJYS94185817323199,PUNY73201688947662,packageName 4,adUnitName 11,2024-01-01,United States
899f3348Lb6ff9f70416e9ad0929c38167708,2024-01-01 04:12:12.560616+00:00,us,android,0.00106,CYQT09565719176731,source 1,network 6,adUnitFormat 2,QJYS94185817323199,PUNY73201688947662,packageName 4,adUnitName 11,2024-01-01,United States
899f3348Lb6ff9f70416e9ad0929c38167708,2024-01-01 04:15:12.797809+00:00,us,android,0.000115002,NBQB32951001999242,source 1,network 2,adUnitFormat 2,QJYS94185817323199,PUNY73201688947662,packageName 4,adUnitName 11,2024-01-01,United States
899f3348Lb6ff9f70416e9ad0929c38167708,2024-01-01 04:15:22.775701+00:00,us,android,0.000182481,IFGM59175142020597,source 1,network 15,adUnitFormat 2,QJYS94185817323199,PUNY73201688947662,packageName 4,adUnitName 11,2024-01-01,United States
899f3348Lb6ff9f70416e9ad0929c38167708,2024-01-01 04:15:33.024231+00:00,us,android,6.62e-05,IQOG92584522124941,source 1,network 1,adUnitFormat 2,QJYS94185817323199,PUNY73201688947662,packageName 4,adUnitName 11,2024-01-01,United States
899f3348Lb6ff9f70416e9ad0929c38167708,2024-01-01 04:15:39.768602+00:00,us,android,5.91e-05,WICF98458027293759,source 1,network 17,adUnitFormat 2,QJYS94185817323199,PUNY73201688947662,packageName 4,adUnitName 11,2024-01-01,United States
899f3348Lb6ff9f70416e9ad0929c38167708,2024-01-01 04:15:52.646940+00:00,us,android,5.62e-05,AQDF33370821688509,source 1,network 1,adUnitFormat 2,QJYS94185817323199,PUNY73201688947662,packageName 4,adUnitName 11,2024-01-01,United States
899f3348Lb6ff9f70416e9ad0929c38167708,2024-01-01 04:16:02.892520+00:00,us,android,0.00025,RRDW30658834038510,source 1,network 6,adUnitFormat 2,QJYS94185817323199,PUNY73201688947662,packageName 4,adUnitName 11,2024-01-01,United States
899f3348Lb6ff9f70416e9ad0929c38167708,2024-01-01 04:16:22.703203+00:00,us,android,5.98e-05,DXWL87599584680850,source 1,network 1,adUnitFormat 2,QJYS94185817323199,PUNY73201688947662,packageName 4,adUnitName 11,2024-01-01,United States
899f3348Lb6ff9f70416e9ad0929c38167708,2024-01-01 04:16:32.629733+00:00,us,android,5.68e-05,UZTL39676491797861,source 1,network 1,adUnitFormat 2,QJYS94185817323199,PUNY73201688947662,packageName 4,adUnitName 11,2024-01-01,United States
899f3348Lb6ff9f70416e9ad0929c38167708,2024-01-01 04:16:42.801027+00:00,us,android,7.48e-05,FCFM81570043563434,source 1,network 1,adUnitFormat 2,QJYS94185817323199,PUNY73201688947662,packageName 4,adUnitName 11,2024-01-01,United States
899f3348Lb6ff9f70416e9ad0929c38167708,2024-01-01 04:16:52.850531+00:00,us,android,5.35e-05,WNSG91509757213556,source 1,network 1,adUnitFormat 2,QJYS94185817323199,PUNY73201688947662,packageName 4,adUnitName 11,2024-01-01,United States
899f3348Lb6ff9f70416e9ad0929c38167708,2024-01-01 04:17:02.803099+00:00,us,android,7.73e-05,FRBB97668121827643,source 1,network 15,adUnitFormat 2,QJYS94185817323199,PUNY73201688947662,packageName 4,adUnitName 11,2024-01-01,United States
899f3348Lb6ff9f70416e9ad0929c38167708,2024-01-01 04:17:14.216163+00:00,us,android,0.00025,IAAG37937830522552,source 1,network 6,adUnitFormat 2,QJYS94185817323199,PUNY73201688947662,packageName 4,adUnitName 11,2024-01-01,United States
899f3348Lb6ff9f70416e9ad0929c38167708,2024-01-01 04:17:22.732656+00:00,us,android,5.62e-05,SCZU13988726120757,source 1,network 1,adUnitFormat 2,QJYS94185817323199,PUNY73201688947662,packageName 4,adUnitName 11,2024-01-01,United States
899f3348Lb6ff9f70416e9ad0929c38167708,2024-01-01 04:17:33.203772+00:00,us,android,5.38e-05,FJFU36912900329181,source 1,network 1,adUnitFormat 2,QJYS94185817323199,PUNY73201688947662,packageName 4,adUnitName 11,2024-01-01,United States
899f3348Lb6ff9f70416e9ad0929c38167708,2024-01-01 04:17:43.495798+00:00,us,android,0.000382503,MOFS27577613320140,source 1,network 15,adUnitFormat 2,QJYS94185817323199,PUNY73201688947662,packageName 4,adUnitName 11,2024-01-01,United States
899f3348Lb6ff9f70416e9ad0929c38167708,2024-01-01 04:17:49.844926+00:00,us,android,5.1e-05,OKIA90846026120721,source 1,network 17,adUnitFormat 2,QJYS94185817323199,PUNY73201688947662,packageName 4,adUnitName 11,2024-01-01,United States
899f3348Lb6ff9f70416e9ad0929c38167708,2024-01-01 04:18:03.241915+00:00,us,android,0.00129,ZGXI08613870726562,source 1,network 6,adUnitFormat 2,QJYS94185817323199,PUNY73201688947662,packageName 4,adUnitName 11,2024-01-01,United States
899f3348Lb6ff9f70416e9ad0929c38167708,2024-01-01 04:18:23.290755+00:00,us,android,7.38e-05,UROL40353834095867,source 1,network 1,adUnitFormat 2,QJYS94185817323199,PUNY73201688947662,packageName 4,adUnitName 11,2024-01-01,United States
899f3348Lb6ff9f70416e9ad0929c38167708,2024-01-01 04:18:33.583131+00:00,us,android,6.61e-05,WKDS17037958938053,source 1,network 1,adUnitFormat 2,QJYS94185817323199,PUNY73201688947662,packageName 4,adUnitName 11,2024-01-01,United States
899f3348Lb6ff9f70416e9ad0929c38167708,2024-01-01 04:18:43.158543+00:00,us,android,5.13e-05,AAWW39253628118313,source 1,network 1,adUnitFormat 2,QJYS94185817323199,PUNY73201688947662,packageName 4,adUnitName 11,2024-01-01,United States
899f3348Lb6ff9f70416e9ad0929c38167708,2024-01-01 04:18:53.118689+00:00,us,android,5.34e-05,KTOV36930624132642,source 1,network 1,adUnitFormat 2,QJYS94185817323199,PUNY73201688947662,packageName 4,adUnitName 11,2024-01-01,United States
899f3348Lb6ff9f70416e9ad0929c38167708,2024-01-01 04:19:03.005172+00:00,us,android,0.000178575,RMIN03922869482697,source 1,network 2,adUnitFormat 2,QJYS94185817323199,PUNY73201688947662,packageName 4,adUnitName 11,2024-01-01,United States
899f3348Lb6ff9f70416e9ad0929c38167708,2024-01-01 04:19:52.760941+00:00,us,android,5.85e-05,GNYM75122961036473,source 1,network 1,adUnitFormat 2,QJYS94185817323199,PUNY73201688947662,packageName 4,adUnitName 11,2024-01-01,United States
899f3348Lb6ff9f70416e9ad0929c38167708,2024-01-01 04:20:02.945792+00:00,us,android,0.00106,TXRA14182807983513,source 1,network 6,adUnitFormat 2,QJYS94185817323199,PUNY73201688947662,packageName 4,adUnitName 11,2024-01-01,United States
899f3348Lb6ff9f70416e9ad0929c38167708,2024-01-01 04:20:10.384603+00:00,us,android,0.0293132,JVTC82889955701958,source 1,network 2,adUnitFormat 3,QJYS94185817323199,PUNY73201688947662,packageName 4,adUnitName 12,2024-01-01,United States
899f3348Lb6ff9f70416e9ad0929c38167708,2024-01-01 04:20:20.208692+00:00,us,android,0.000142903,IZIA09087128797965,source 1,network 2,adUnitFormat 2,QJYS94185817323199,PUNY73201688947662,packageName 4,adUnitName 11,2024-01-01,United States
899f3348Lb6ff9f70416e9ad0929c38167708,2024-01-01 04:20:29.909430+00:00,us,android,0.00102,KNFB86800907039485,source 1,network 6,adUnitFormat 2,QJYS94185817323199,PUNY73201688947662,packageName 4,adUnitName 11,2024-01-01,United States
899f3348Lb6ff9f70416e9ad0929c38167708,2024-01-01 04:20:39.800514+00:00,us,android,5.57e-05,ZKNK23417087773815,source 1,network 1,adUnitFormat 2,QJYS94185817323199,PUNY73201688947662,packageName 4,adUnitName 11,2024-01-01,United States
08603348Lf1ccd58d471db788afc8b4b26af0,2024-01-01 04:36:33.437742+00:00,us,ios,0.0260261,PXLI66724435298042,source 1,network 1,adUnitFormat 3,XGTT77524482245241,WHTG32858174869758,packageName 4,adUnitName 18,2024-01-01,United States
899f3348Lb6ff9f70416e9ad0929c38167708,2024-01-01 05:14:17.976272+00:00,us,android,0.00032962,UTCP74407885696964,source 1,network 1,adUnitFormat 2,QJYS94185817323199,PUNY73201688947662,packageName 4,adUnitName 11,2024-01-01,United States
899f3348Lb6ff9f70416e9ad0929c38167708,2024-01-01 05:14:33.901551+00:00,us,android,0.00050001,GIKF50174116140867,source 1,network 2,adUnitFormat 2,QJYS94185817323199,PUNY73201688947662,packageName 4,adUnitName 11,2024-01-01,United States
899f3348Lb6ff9f70416e9ad0929c38167708,2024-01-01 05:14:44.049259+00:00,us,android,0.0312392,IQVX94506049640435,source 1,network 1,adUnitFormat 3,QJYS94185817323199,PUNY73201688947662,packageName 4,adUnitName 12,2024-01-01,United States
899f3348Lb6ff9f70416e9ad0929c38167708,2024-01-01 05:15:04.175162+00:00,us,android,0.000392865,LZCE64721846991231,source 1,network 2,adUnitFormat 2,QJYS94185817323199,PUNY73201688947662,packageName 4,adUnitName 11,2024-01-01,United States
899f3348Lb6ff9f70416e9ad0929c38167708,2024-01-01 05:15:13.855157+00:00,us,android,0.000492312,UOTG76163836034975,source 1,network 7,adUnitFormat 2,QJYS94185817323199,PUNY73201688947662,packageName 4,adUnitName 11,2024-01-01,United States
899f3348Lb6ff9f70416e9ad0929c38167708,2024-01-01 05:15:23.910543+00:00,us,android,0.000392865,ASVG13300336274100,source 1,network 2,adUnitFormat 2,QJYS94185817323199,PUNY73201688947662,packageName 4,adUnitName 11,2024-01-01,United States
899f3348Lb6ff9f70416e9ad0929c38167708,2024-01-01 05:15:33.955094+00:00,us,android,0.000321435,WSLH01694234481938,source 1,network 2,adUnitFormat 2,QJYS94185817323199,PUNY73201688947662,packageName 4,adUnitName 11,2024-01-01,United States
899f3348Lb6ff9f70416e9ad0929c38167708,2024-01-01 05:15:43.859903+00:00,us,android,0.000392865,ROVF59778376765987,source 1,network 2,adUnitFormat 2,QJYS94185817323199,PUNY73201688947662,packageName 4,adUnitName 11,2024-01-01,United States
899f3348Lb6ff9f70416e9ad0929c38167708,2024-01-01 05:15:54.058302+00:00,us,android,0.000392865,FYCJ29156546919043,source 1,network 2,adUnitFormat 2,QJYS94185817323199,PUNY73201688947662,packageName 4,adUnitName 11,2024-01-01,United States
899f3348Lb6ff9f70416e9ad0929c38167708,2024-01-01 05:16:03.868492+00:00,us,android,0.000321435,MIHN93376710541855,source 1,network 2,adUnitFormat 2,QJYS94185817323199,PUNY73201688947662,packageName 4,adUnitName 11,2024-01-01,United States
899f3348Lb6ff9f70416e9ad0929c38167708,2024-01-01 05:16:23.698755+00:00,us,android,0.000492312,GWLC89819140587086,source 1,network 7,adUnitFormat 2,QJYS94185817323199,PUNY73201688947662,packageName 4,adUnitName 11,2024-01-01,United States
899f3348Lb6ff9f70416e9ad0929c38167708,2024-01-01 05:16:33.699274+00:00,us,android,0.000492312,EXDT80831369062637,source 1,network 7,adUnitFormat 2,QJYS94185817323199,PUNY73201688947662,packageName 4,adUnitName 11,2024-01-01,United States
899f3348Lb6ff9f70416e9ad0929c38167708,2024-01-01 05:16:43.761178+00:00,us,android,0.00032,CQHC61098568602968,source 1,network 6,adUnitFormat 2,QJYS94185817323199,PUNY73201688947662,packageName 4,adUnitName 11,2024-01-01,United States
899f3348Lb6ff9f70416e9ad0929c38167708,2024-01-01 05:16:53.859479+00:00,us,android,0.000492312,EHER54708541833433,source 1,network 7,adUnitFormat 2,QJYS94185817323199,PUNY73201688947662,packageName 4,adUnitName 11,2024-01-01,United States
899f3348Lb6ff9f70416e9ad0929c38167708,2024-01-01 05:16:57.226030+00:00,us,android,0.025649,DXGL78135112395100,source 1,network 2,adUnitFormat 3,QJYS94185817323199,PUNY73201688947662,packageName 4,adUnitName 12,2024-01-01,United States
899f3348Lb6ff9f70416e9ad0929c38167708,2024-01-01 05:18:31.468403+00:00,us,android,0.000492312,SOBO00660899236711,source 1,network 7,adUnitFormat 2,QJYS94185817323199,PUNY73201688947662,packageName 4,adUnitName 11,2024-01-01,United States
899f3348Lb6ff9f70416e9ad0929c38167708,2024-01-01 05:18:41.761561+00:00,us,android,0.000250005,TGFW51490186953012,source 1,network 2,adUnitFormat 2,QJYS94185817323199,PUNY73201688947662,packageName 4,adUnitName 11,2024-01-01,United States
899f3348Lb6ff9f70416e9ad0929c38167708,2024-01-01 05:18:51.523722+00:00,us,android,0.000492312,KJSJ11283273636792,source 1,network 7,adUnitFormat 2,QJYS94185817323199,PUNY73201688947662,packageName 4,adUnitName 11,2024-01-01,United States
899f3348Lb6ff9f70416e9ad0929c38167708,2024-01-01 05:19:00.021904+00:00,us,android,0.0222663,GNWX81574680204412,source 1,network 1,adUnitFormat 3,QJYS94185817323199,PUNY73201688947662,packageName 4,adUnitName 12,2024-01-01,United States
899f3348Lb6ff9f70416e9ad0929c38167708,2024-01-01 05:19:28.043405+00:00,us,android,0.000492312,BWWO97428198086519,source 1,network 7,adUnitFormat 2,QJYS94185817323199,PUNY73201688947662,packageName 4,adUnitName 11,2024-01-01,United States
899f3348Lb6ff9f70416e9ad0929c38167708,2024-01-01 05:19:37.988614+00:00,us,android,0.000492312,XJFC00417748739463,source 1,network 7,adUnitFormat 2,QJYS94185817323199,PUNY73201688947662,packageName 4,adUnitName 11,2024-01-01,United States
899f3348Lb6ff9f70416e9ad0929c38167708,2024-01-01 05:19:47.911040+00:00,us,android,0.000492312,RNMM22311476647311,source 1,network 7,adUnitFormat 2,QJYS94185817323199,PUNY73201688947662,packageName 4,adUnitName 11,2024-01-01,United States
899f3348Lb6ff9f70416e9ad0929c38167708,2024-01-01 05:19:57.873136+00:00,us,android,0.000492312,WMCN88643723526919,source 1,network 7,adUnitFormat 2,QJYS94185817323199,PUNY73201688947662,packageName 4,adUnitName 11,2024-01-01,United States
899f3348Lb6ff9f70416e9ad0929c38167708,2024-01-01 05:20:07.364896+00:00,us,android,0.0403585,UGVS26713844871690,source 1,network 11,adUnitFormat 1,QJYS94185817323199,PUNY73201688947662,packageName 4,adUnitName 19,2024-01-01,United States
899f3348Lb6ff9f70416e9ad0929c38167708,2024-01-01 05:20:47.651739+00:00,us,android,0.000492312,TOZR84314006791794,source 1,network 7,adUnitFormat 2,QJYS94185817323199,PUNY73201688947662,packageName 4,adUnitName 11,2024-01-01,United States
899f3348Lb6ff9f70416e9ad0929c38167708,2024-01-01 05:20:56.798199+00:00,us,android,0.000492312,QFXM71553083600420,source 1,network 7,adUnitFormat 2,QJYS94185817323199,PUNY73201688947662,packageName 4,adUnitName 11,2024-01-01,United States
899f3348Lb6ff9f70416e9ad0929c38167708,2024-01-01 05:21:06.819072+00:00,us,android,0.000492312,NBYA53168586320974,source 1,network 7,adUnitFormat 2,QJYS94185817323199,PUNY73201688947662,packageName 4,adUnitName 11,2024-01-01,United States
899f3348Lb6ff9f70416e9ad0929c38167708,2024-01-01 05:21:16.677910+00:00,us,android,0.000275708,ZBHB73025554924441,source 1,network 1,adUnitFormat 2,QJYS94185817323199,PUNY73201688947662,packageName 4,adUnitName 11,2024-01-01,United States
899f3348Lb6ff9f70416e9ad0929c38167708,2024-01-01 05:21:26.709910+00:00,us,android,0.000492312,XGVQ46164289018624,source 1,network 7,adUnitFormat 2,QJYS94185817323199,PUNY73201688947662,packageName 4,adUnitName 11,2024-01-01,United States
899f3348Lb6ff9f70416e9ad0929c38167708,2024-01-01 05:21:36.813666+00:00,us,android,0.00033,FTSI98521611597098,source 1,network 6,adUnitFormat 2,QJYS94185817323199,PUNY73201688947662,packageName 4,adUnitName 11,2024-01-01,United States
899f3348Lb6ff9f70416e9ad0929c38167708,2024-01-01 05:21:46.723762+00:00,us,android,0.000492312,MEBK12873938843116,source 1,network 7,adUnitFormat 2,QJYS94185817323199,PUNY73201688947662,packageName 4,adUnitName 11,2024-01-01,United States
899f3348Lb6ff9f70416e9ad0929c38167708,2024-01-01 05:21:56.815793+00:00,us,android,0.00138,AIST27786779218470,source 1,network 6,adUnitFormat 2,QJYS94185817323199,PUNY73201688947662,packageName 4,adUnitName 11,2024-01-01,United States
899f3348Lb6ff9f70416e9ad0929c38167708,2024-01-01 05:22:07.011433+00:00,us,android,0.000250005,SXDH46924392393701,source 1,network 2,adUnitFormat 2,QJYS94185817323199,PUNY73201688947662,packageName 4,adUnitName 11,2024-01-01,United States
e2743348L699571fa4fd9b4f7e8b3c5720df0,2024-01-01 15:53:48.700769+00:00,us,android,0.00048412,YVKA45141191187349,source 1,network 17,adUnitFormat 2,FPFN52196479306040,DNRA06338648505622,packageName 6,adUnitName 15,2024-01-01,United States
e2743348L699571fa4fd9b4f7e8b3c5720df0,2024-01-01 15:56:49.170649+00:00,us,android,0.00107679,ZBCU06002554197012,source 1,network 13,adUnitFormat 2,FPFN52196479306040,DNRA06338648505622,packageName 6,adUnitName 15,2024-01-01,United States
e2743348L699571fa4fd9b4f7e8b3c5720df0,2024-01-01 15:57:54.934038+00:00,us,android,0.00056,ZSMA22748752619369,source 1,network 6,adUnitFormat 2,FPFN52196479306040,DNRA06338648505622,packageName 6,adUnitName 15,2024-01-01,United States
e2743348L699571fa4fd9b4f7e8b3c5720df0,2024-01-01 15:58:04.899140+00:00,us,android,0.000301503,DGPW23133604260497,source 1,network 7,adUnitFormat 2,FPFN52196479306040,DNRA06338648505622,packageName 6,adUnitName 15,2024-01-01,United States
e2743348L699571fa4fd9b4f7e8b3c5720df0,2024-01-01 18:45:45.013534+00:00,us,android,0.000300609,HANN28830846907658,source 1,network 12,adUnitFormat 2,FPFN52196479306040,DNRA06338648505622,packageName 6,adUnitName 15,2024-01-01,United States
e2743348L699571fa4fd9b4f7e8b3c5720df0,2024-01-01 18:45:55.101665+00:00,us,android,0.00047,QJDO85797929129560,source 1,network 3,adUnitFormat 2,FPFN52196479306040,DNRA06338648505622,packageName 6,adUnitName 15,2024-01-01,United States
e2743348L699571fa4fd9b4f7e8b3c5720df0,2024-01-01 18:46:05.182954+00:00,us,android,0.00047,AZIY24013609375662,source 1,network 3,adUnitFormat 2,FPFN52196479306040,DNRA06338648505622,packageName 6,adUnitName 15,2024-01-01,United States
e2743348L699571fa4fd9b4f7e8b3c5720df0,2024-01-01 18:46:15.315603+00:00,us,android,0.00045,IESX34062500392173,source 1,network 6,adUnitFormat 2,FPFN52196479306040,DNRA06338648505622,packageName 6,adUnitName 15,2024-01-01,United States
e2743348L699571fa4fd9b4f7e8b3c5720df0,2024-01-01 18:46:20.246468+00:00,us,android,0.024,HIFB34242861363722,source 1,network 3,adUnitFormat 3,FPFN52196479306040,DNRA06338648505622,packageName 6,adUnitName 20,2024-01-01,United States
e2743348L699571fa4fd9b4f7e8b3c5720df0,2024-01-01 18:46:32.387467+00:00,us,android,0.000152956,OCCC98917744581649,source 1,network 15,adUnitFormat 2,FPFN52196479306040,DNRA06338648505622,packageName 6,adUnitName 15,2024-01-01,United States
e2743348L699571fa4fd9b4f7e8b3c5720df0,2024-01-01 23:15:42.505462+00:00,us,android,0.00047,SFZZ27023614496274,source 1,network 3,adUnitFormat 2,FPFN52196479306040,DNRA06338648505622,packageName 6,adUnitName 15,2024-01-01,United States
e2743348L699571fa4fd9b4f7e8b3c5720df0,2024-01-01 23:15:52.510994+00:00,us,android,0.00047,VKLZ19795367403348,source 1,network 3,adUnitFormat 2,FPFN52196479306040,DNRA06338648505622,packageName 6,adUnitName 15,2024-01-01,United States
e2743348L699571fa4fd9b4f7e8b3c5720df0,2024-01-01 23:16:02.557426+00:00,us,android,0.00047,XLAJ51939129677739,source 1,network 3,adUnitFormat 2,FPFN52196479306040,DNRA06338648505622,packageName 6,adUnitName 15,2024-01-01,United States
e2743348L699571fa4fd9b4f7e8b3c5720df0,2024-01-01 23:16:10.270394+00:00,us,android,0.013,SEEI92088974478678,source 1,network 3,adUnitFormat 3,FPFN52196479306040,DNRA06338648505622,packageName 6,adUnitName 20,2024-01-01,United States
e2743348L699571fa4fd9b4f7e8b3c5720df0,2024-01-01 23:16:23.835880+00:00,us,android,0.00047,PUBP70938748033889,source 1,network 3,adUnitFormat 2,FPFN52196479306040,DNRA06338648505622,packageName 6,adUnitName 15,2024-01-01,United States
e2743348L699571fa4fd9b4f7e8b3c5720df0,2024-01-01 23:17:13.676368+00:00,us,android,0.00047,TCVX10732700034465,source 1,network 3,adUnitFormat 2,FPFN52196479306040,DNRA06338648505622,packageName 6,adUnitName 15,2024-01-01,United States
e2743348L699571fa4fd9b4f7e8b3c5720df0,2024-01-01 23:17:23.725860+00:00,us,android,0.00047,ABDP30681804086265,source 1,network 3,adUnitFormat 2,FPFN52196479306040,DNRA06338648505622,packageName 6,adUnitName 15,2024-01-01,United States
e2743348L699571fa4fd9b4f7e8b3c5720df0,2024-01-01 23:17:33.676164+00:00,us,android,0.00047,QMUG84712067753961,source 1,network 3,adUnitFormat 2,FPFN52196479306040,DNRA06338648505622,packageName 6,adUnitName 15,2024-01-01,United States
e2743348L699571fa4fd9b4f7e8b3c5720df0,2024-01-01 23:17:43.671810+00:00,us,android,0.00047,IWWK12866224426206,source 1,network 3,adUnitFormat 2,FPFN52196479306040,DNRA06338648505622,packageName 6,adUnitName 15,2024-01-01,United States
e2743348L699571fa4fd9b4f7e8b3c5720df0,2024-01-01 23:17:46.605456+00:00,us,android,0.013,UGNS53265576828420,source 1,network 3,adUnitFormat 3,FPFN52196479306040,DNRA06338648505622,packageName 6,adUnitName 20,2024-01-01,United States
e2743348L699571fa4fd9b4f7e8b3c5720df0,2024-01-01 23:18:44.714442+00:00,us,android,8.14e-05,IQQQ17921754904437,source 1,network 1,adUnitFormat 2,FPFN52196479306040,DNRA06338648505622,packageName 6,adUnitName 15,2024-01-01,United States
e2743348L699571fa4fd9b4f7e8b3c5720df0,2024-01-01 23:22:11.602707+00:00,us,android,0.00016,LDZH12363717744047,source 1,network 6,adUnitFormat 2,FPFN52196479306040,DNRA06338648505622,packageName 6,adUnitName 15,2024-01-01,United States
e2743348L699571fa4fd9b4f7e8b3c5720df0,2024-01-01 23:22:21.459592+00:00,us,android,0.00075,XBIE18948511944851,source 1,network 6,adUnitFormat 2,FPFN52196479306040,DNRA06338648505622,packageName 6,adUnitName 15,2024-01-01,United States
e2743348L699571fa4fd9b4f7e8b3c5720df0,2024-01-01 23:22:23.485020+00:00,us,android,0.017203,INVY28486486187650,source 1,network 7,adUnitFormat 3,FPFN52196479306040,DNRA06338648505622,packageName 6,adUnitName 20,2024-01-01,United States
e2743348L699571fa4fd9b4f7e8b3c5720df0,2024-01-01 23:22:38.930145+00:00,us,android,0.000161717,EXYV83331664638703,source 1,network 15,adUnitFormat 2,FPFN52196479306040,DNRA06338648505622,packageName 6,adUnitName 15,2024-01-01,United States
e2743348L699571fa4fd9b4f7e8b3c5720df0,2024-01-01 23:22:49.007859+00:00,us,android,0.00021,NCUI64177044326562,source 1,network 6,adUnitFormat 2,FPFN52196479306040,DNRA06338648505622,packageName 6,adUnitName 15,2024-01-01,United States
e2743348L699571fa4fd9b4f7e8b3c5720df0,2024-01-01 23:22:59.021655+00:00,us,android,0.00015,ACDH09681567274013,source 1,network 6,adUnitFormat 2,FPFN52196479306040,DNRA06338648505622,packageName 6,adUnitName 15,2024-01-01,United States
e2743348L699571fa4fd9b4f7e8b3c5720df0,2024-01-01 23:24:44.883067+00:00,us,android,0.00015,CQDA58981036616028,source 1,network 6,adUnitFormat 2,FPFN52196479306040,DNRA06338648505622,packageName 6,adUnitName 15,2024-01-01,United States
e2743348L699571fa4fd9b4f7e8b3c5720df0,2024-01-01 23:24:54.798570+00:00,us,android,0.00015,KHJO11240177223818,source 1,network 6,adUnitFormat 2,FPFN52196479306040,DNRA06338648505622,packageName 6,adUnitName 15,2024-01-01,United States
e2743348L699571fa4fd9b4f7e8b3c5720df0,2024-01-01 23:25:06.054248+00:00,us,android,0.00027225,EABH43485214384560,source 1,network 17,adUnitFormat 2,FPFN52196479306040,DNRA06338648505622,packageName 6,adUnitName 15,2024-01-01,United States
e2743348L699571fa4fd9b4f7e8b3c5720df0,2024-01-01 23:25:14.862052+00:00,us,android,0.00047,XYEY52746388724992,source 1,network 3,adUnitFormat 2,FPFN52196479306040,DNRA06338648505622,packageName 6,adUnitName 15,2024-01-01,United States
e2743348L699571fa4fd9b4f7e8b3c5720df0,2024-01-01 23:25:24.723691+00:00,us,android,0.0001995,WBQT98378788929526,source 1,network 12,adUnitFormat 2,FPFN52196479306040,DNRA06338648505622,packageName 6,adUnitName 15,2024-01-01,United States
e2743348L699571fa4fd9b4f7e8b3c5720df0,2024-01-01 23:25:43.493476+00:00,us,android,0.00440987,EEFS92354969442186,source 1,network 13,adUnitFormat 3,FPFN52196479306040,DNRA06338648505622,packageName 6,adUnitName 20,2024-01-01,United States
e2743348L699571fa4fd9b4f7e8b3c5720df0,2024-01-01 23:26:02.113182+00:00,us,android,0.000301503,IKWE84678356845014,source 1,network 7,adUnitFormat 2,FPFN52196479306040,DNRA06338648505622,packageName 6,adUnitName 15,2024-01-01,United States
e2743348L699571fa4fd9b4f7e8b3c5720df0,2024-01-01 23:26:12.041984+00:00,us,android,0.00021,TXLN41001433074472,source 1,network 6,adUnitFormat 2,FPFN52196479306040,DNRA06338648505622,packageName 6,adUnitName 15,2024-01-01,United States
e2743348L699571fa4fd9b4f7e8b3c5720df0,2024-01-01 23:26:22.017481+00:00,us,android,0.00015,BJPC80727971174903,source 1,network 6,adUnitFormat 2,FPFN52196479306040,DNRA06338648505622,packageName 6,adUnitName 15,2024-01-01,United States
e2743348L699571fa4fd9b4f7e8b3c5720df0,2024-01-01 23:26:31.956091+00:00,us,android,0.00015,AOOE65836352706609,source 1,network 6,adUnitFormat 2,FPFN52196479306040,DNRA06338648505622,packageName 6,adUnitName 15,2024-01-01,United States
e2743348L699571fa4fd9b4f7e8b3c5720df0,2024-01-01 23:30:25.172493+00:00,us,android,0.00013321,XGYV88941729879597,source 1,network 15,adUnitFormat 2,FPFN52196479306040,DNRA06338648505622,packageName 6,adUnitName 15,2024-01-01,United States
e2743348L699571fa4fd9b4f7e8b3c5720df0,2024-01-01 23:30:37.137139+00:00,us,android,0.00017025,GBAD22081742736051,source 1,network 17,adUnitFormat 2,FPFN52196479306040,DNRA06338648505622,packageName 6,adUnitName 15,2024-01-01,United States
e2743348L699571fa4fd9b4f7e8b3c5720df0,2024-01-01 23:30:45.027554+00:00,us,android,9.83e-05,LWXE43587051328529,source 1,network 12,adUnitFormat 2,FPFN52196479306040,DNRA06338648505622,packageName 6,adUnitName 15,2024-01-01,United States
e2743348L699571fa4fd9b4f7e8b3c5720df0,2024-01-01 23:30:57.193192+00:00,us,android,0.0001545,RRHA17758967443000,source 1,network 17,adUnitFormat 2,FPFN52196479306040,DNRA06338648505622,packageName 6,adUnitName 15,2024-01-01,United States
e2743348L699571fa4fd9b4f7e8b3c5720df0,2024-01-01 23:31:05.057395+00:00,us,android,0.000183,RQKM01902906003742,source 1,network 12,adUnitFormat 2,FPFN52196479306040,DNRA06338648505622,packageName 6,adUnitName 15,2024-01-01,United States
e2743348L699571fa4fd9b4f7e8b3c5720df0,2024-01-01 23:31:15.103242+00:00,us,android,0.00043,WYAO28374620127911,source 1,network 6,adUnitFormat 2,FPFN52196479306040,DNRA06338648505622,packageName 6,adUnitName 15,2024-01-01,United States
e2743348L699571fa4fd9b4f7e8b3c5720df0,2024-01-01 23:31:25.140211+00:00,us,android,0.000301503,PRLE51004806085527,source 1,network 7,adUnitFormat 2,FPFN52196479306040,DNRA06338648505622,packageName 6,adUnitName 15,2024-01-01,United States
e2743348L699571fa4fd9b4f7e8b3c5720df0,2024-01-01 23:31:26.505226+00:00,us,android,0.013,ILLY07993066624749,source 1,network 3,adUnitFormat 3,FPFN52196479306040,DNRA06338648505622,packageName 6,adUnitName 20,2024-01-01,United States
e2743348L699571fa4fd9b4f7e8b3c5720df0,2024-01-01 23:31:42.115487+00:00,us,android,0.000301503,FLUF29807747310086,source 1,network 7,adUnitFormat 2,FPFN52196479306040,DNRA06338648505622,packageName 6,adUnitName 15,2024-01-01,United States
e2743348L699571fa4fd9b4f7e8b3c5720df0,2024-01-01 23:31:51.970345+00:00,us,android,0.0001215,VZEU30077789717869,source 1,network 12,adUnitFormat 2,FPFN52196479306040,DNRA06338648505622,packageName 6,adUnitName 15,2024-01-01,United States
e2743348L699571fa4fd9b4f7e8b3c5720df0,2024-01-01 23:32:02.029497+00:00,us,android,0.00014775,DQSX59510529300873,source 1,network 12,adUnitFormat 2,FPFN52196479306040,DNRA06338648505622,packageName 6,adUnitName 15,2024-01-01,United States
e2743348L699571fa4fd9b4f7e8b3c5720df0,2024-01-01 23:32:12.183580+00:00,us,android,0.000193204,ZDPP88144479376543,source 1,network 13,adUnitFormat 2,FPFN52196479306040,DNRA06338648505622,packageName 6,adUnitName 15,2024-01-01,United States
e2743348L699571fa4fd9b4f7e8b3c5720df0,2024-01-01 23:32:13.887775+00:00,us,android,0.00310992,WXUF68437423581327,source 1,network 1,adUnitFormat 3,FPFN52196479306040,DNRA06338648505622,packageName 6,adUnitName 20,2024-01-01,United States
e2743348L699571fa4fd9b4f7e8b3c5720df0,2024-01-01 23:32:16.161886+00:00,us,android,0.000126,SKWJ59270565996890,source 1,network 12,adUnitFormat 2,FPFN52196479306040,DNRA06338648505622,packageName 6,adUnitName 15,2024-01-01,United States
